,index,PCW,log10PCW,log2PCW,MEblack,MEblue,MEbrown,MEcyan,MEdarkgreen,MEdarkgrey,MEdarkred,MEdarkturquoise,MEgreen,MEgrey60,MElightcyan,MElightgreen,MElightyellow,MEmagenta,MEmidnightblue,MEpink,MEpurple,MEroyalblue,MEsalmon,MEtan,MEturquoise,MEyellow,madMEblack,madMEblue,madMEbrown,madMEcyan,madMEdarkgreen,madMEdarkgrey,madMEdarkred,madMEdarkturquoise,madMEgreen,madMEgrey60,madMElightcyan,madMElightgreen,madMElightyellow,madMEmagenta,madMEmidnightblue,madMEpink,madMEpurple,madMEroyalblue,madMEsalmon,madMEtan,madMEturquoise,madMEyellow
0,median5.7,5.7,0.7558748559999999,2.510961919,0.12605605050000002,0.032726735,0.037161541,0.008238177,-0.0220129375,-0.017889481999999998,-0.004699558,-0.053227653,-0.025287492,-0.09645201,0.0299703645,-0.08534689849999999,-0.14972523100000001,0.02707959,-0.04855559200000001,0.1058905015,-0.038218581,-0.0982190495,0.0940200745,-0.0477338255,-0.0209968215,-0.015024155,0.002840916839506175,0.002549766444444446,0.004563923061728395,0.006034132074074074,0.013281959111111111,0.007318960691358026,0.008596906962962966,0.008061789555555558,0.0007615291851851843,0.00225144743209876,0.001556496407407407,0.0038301819999999984,0.007361784370370368,0.004219422617283951,0.0013049344938271595,0.0025789425432098776,0.0030396376296296297,0.00584307692592592,0.002616095592592597,0.0048621684197530865,0.01234073314814815,0.003376173037037037
1,median6,6.0,0.77815125,2.584962501,0.116173875,0.02908534,0.028659487,0.011656143,0.012342745,-0.020553846,-0.00100842,-0.045862494,-0.029072792000000007,-0.08656387800000001,0.022556871000000003,-0.081661699,-0.136503261,0.016845745,-0.044726047000000005,0.091063081,-0.039785492,-0.088430867,0.084250376,-0.048444254000000006,-0.000440615,-0.01713561,0.0055114253199999965,0.0016834387199999978,0.0032649168399999998,0.0041467063200000005,0.005238966080000001,0.00477762692,0.004988456840000001,0.00749728408,0.0007204460799999996,0.003420880200000005,0.0040665100400000005,0.003844502439999997,0.009324024239999996,0.0032956663799999994,0.0016726057600000004,0.004326619639999997,0.00315695888,0.00560827964,0.006521067439999998,0.0039650380399999996,0.010086880359999998,0.002508351179999999
2,median8,8.0,0.903089987,3.0,0.0845271355,0.03285877399999999,0.035238083,-0.011746053499999999,0.0071343165,-0.028287413,-0.019962485000000002,-0.0062391155,-0.0323763785,-0.06562478,0.0094138985,-0.05719478050000001,-0.0627610175,0.0201127315,-0.039585290999999995,0.071058823,-0.041876288,-0.033429178000000004,0.0514692185,-0.029074196,-0.025372775,-0.0312053765,0.01683379993755739,0.0029752649715335164,0.005211024104683196,0.006667891307621672,0.02649832002754821,0.009252814418732783,0.009243025878787878,0.011426525666666668,0.0021583277419651046,0.013294332121212123,0.009211822626262628,0.01128952860606061,0.0205923611707989,0.007088942402203859,0.0049816806997245175,0.013245758578512401,0.005706958815426998,0.013793592716253442,0.014840530713498626,0.006655985131313131,0.010908356251606978,0.006371008714416897
3,median9,9.0,0.954242509,3.169925001,0.0895107865,0.0321277915,0.026474874000000002,-0.010198967,0.027112917,-0.033704872999999996,-0.013115735,-0.019183864000000002,-0.03484121,-0.065721159,0.0170099075,-0.05979422250000001,-0.062094979499999994,0.0064258100000000005,-0.041487564500000004,0.0720721555,-0.008420414000000001,-0.035419997,0.060358190000000006,-0.035407912,-0.0228450995,-0.0320499195,0.016759421114149815,0.00328726761117717,0.006198263881093935,0.008601754530321047,0.011910497648038051,0.010098523117717004,0.012409024095124855,0.013047098306777642,0.0013773669774078477,0.01271753958145066,0.009667057831153387,0.010882323984542211,0.01887962357312723,0.007023994359096313,0.004807157335315101,0.01281793901545779,0.014637552114149823,0.014466522042806183,0.015593890489892985,0.008368884753864447,0.017795720740784778,0.004024000590963139
4,median12,12.0,1.079181246,3.584962501,5.31e-05,0.038744144,0.041274122,-0.009899481,0.014365943,-0.008592115,-0.021690081,0.029316168,-0.030164984,-0.032768113,-0.040353156,-0.025212534,-0.000584495,0.024811496,-0.027099965,0.023919073,-0.027221079,0.019901256000000003,-0.025350194,-0.007652609,-0.015013182,-0.036764428,0.01500324763558171,0.005220401811226798,0.007380467097102763,0.006943856911724762,0.019939111757356263,0.012334734842462657,0.011349307216840196,0.007534067002263465,0.00153021894907198,0.007559299905613401,0.016314309141693076,0.007556823848121321,0.011634002518334087,0.00799808468945224,0.003314534742417385,0.008202406269578997,0.009335599685378,0.010804826816206424,0.018587995371208695,0.006777233420099593,0.01662321403123585,0.005567722473064734
5,median13,13.0,1.113943352,3.700439718,0.006822391999999999,0.037140679,0.039532677,-0.009515632,0.021130576,-0.018521893,-0.018878976,0.026643817,-0.031502264,-0.033837818,-0.039326282,-0.025711058,-0.002005649,0.021651538,-0.027651709,0.025740763,-0.025129573,0.017349707,-0.02450084,-0.010441104,-0.011257307,-0.037100412,0.01935994349354339,0.0053931078837809905,0.007444705596590904,0.00811861210692149,0.02099091152840909,0.0120117961686467,0.009553250702479333,0.008393666139462809,0.0016117712347623984,0.009306042163223137,0.019620624887396694,0.009032745037706614,0.012810100226239669,0.007966595854080579,0.004327284463584714,0.010534873205578514,0.006763834663739667,0.010854323685950414,0.021948872488636365,0.007067938741219009,0.017155288940599176,0.005712179627066116
6,median16,16.0,1.204119983,4.0,0.003010233,0.033510632,0.021128608,-0.009441294,0.026422316,-0.020054122,-0.020922105,0.012412584,-0.029945071,-0.010351429,-0.028361139,-0.016402866000000002,0.006848829,-0.003473489,-0.018165653,0.015167094,0.002455189,0.012738625,-0.018558436,-0.022830791,-0.012776653,-0.030281368,0.012458093012695307,0.0057752758769531246,0.010130950102050784,0.00709550650390625,0.02543258956054686,0.011449333974609378,0.013481751319824214,0.01189089623242188,0.003010155080566407,0.009775784655761722,0.013266430625488282,0.009166826791503902,0.01015833392773437,0.014227882018066407,0.0058621488632812505,0.009240477828124994,0.01528299482324219,0.00808087995019531,0.014156249357421873,0.010050770641601562,0.016978973519042973,0.0067162445766601525
7,median17,17.0,1.230448921,4.087462841000002,-0.002948758,0.032002437499999994,0.0199934705,-0.016740810000000002,0.0157699665,-0.034126465499999994,-0.0104535065,0.0219050235,-0.0301141605,-0.0016004725,-0.0306897005,-0.0129794355,0.015352192,0.0025791295,-0.014203470499999999,0.011200383500000001,0.0258734875,0.0158547755,-0.0245256145,-0.01946454,-0.025591483999999998,-0.0347247025,0.012369292420927469,0.006274616934601665,0.00578182129845422,0.009986987386444712,0.008148126381688466,0.012468219274673007,0.026898818800237808,0.006814829236623067,0.003343757330558861,0.009340626118906063,0.018927349825208085,0.008977663430439953,0.01037664961474435,0.005446330200951248,0.006654837648038052,0.008059551009512486,0.011613223288941734,0.009899087464922709,0.020551239611177174,0.007242762087990487,0.016114806563614744,0.007666336819262782
8,median19,19.0,1.278753601,4.2479275130000005,-0.012240216000000002,0.032863231,0.022567344,-0.012667324,0.019519085,-0.031204468,-0.014706424,0.025893156,-0.028730202000000007,0.004863039,-0.043711019,-0.006240012,0.018885497,0.007641418,-0.008820451,0.002882933,0.00226408,0.021614361,-0.038222409,-0.010539728,-0.013302633,-0.034081055,0.011746802102678571,0.006449785573979591,0.007930731734056123,0.007916965732780615,0.013053836290816325,0.020668738590561224,0.02798196105612245,0.0074290663252551,0.002976959142857143,0.008957166454081632,0.021336656428571434,0.00837963681760204,0.011661217566964286,0.009384417230867347,0.0077626755982142855,0.007575904997448981,0.018988748885204087,0.0105187117244898,0.022797523760204084,0.009190213204719385,0.013546726261479585,0.008810155378826534
9,median21,21.0,1.322219295,4.392317423,-0.010930308,0.024293381,0.01109535,-0.009663997,0.019105616,-0.029869416,-0.005523421999999999,0.017876499,-0.029390644,0.007282256999999999,-0.034520304,-0.007496725,0.023463495,-0.0057762740000000005,-0.005996881,-0.000937863,0.010822303,0.021138239,-0.032057726,-0.016702986,-0.00060457,-0.029517115,0.010540577351886092,0.006411087578402365,0.012760908583025145,0.0098556519375,0.015792173885170117,0.017578114908653842,0.02939896352662722,0.012694652808616862,0.0036899135207100592,0.010636712907544381,0.01911718930140533,0.010832675904031062,0.013841953502403841,0.015825878712832833,0.008897079533284027,0.008572070051960059,0.0328389674572855,0.013401573990384616,0.02084126797781066,0.013015878710059171,0.017005145995192303,0.00890056748964497
10,median22,22.0,1.342422681,4.459431619,-0.011429040500000001,0.0285255295,0.0311236285,-0.013725024499999999,0.025075095999999998,-0.011804651,-0.0203413585,0.0319293495,-0.026984268,0.010271970500000002,-0.028333289500000004,0.0031738015,0.025514536,0.017585039,-0.0020731689999999997,0.0025668885,-0.0395656685,0.028467572,-0.0250175865,-0.0011694065,-0.023778365000000003,-0.025847845,0.0146604402653486,0.004856285005202914,0.0036474045858480744,0.009319757006243497,0.013380928844953175,0.011696596955254941,0.013623628075962542,0.008087854932362125,0.0032708422830385027,0.01201406683038502,0.01782371005202913,0.009521866393340274,0.01462777490530697,0.0037879399979188354,0.009805532967741934,0.011217292744016656,0.008504853361082206,0.013127459752341314,0.021808490002081165,0.006153514535900104,0.009460033789802293,0.005924954547346516
11,median35,35.0,1.544068044,5.129283017,0.000367824,0.0043420590000000005,-0.038784183,0.005990595,0.021064768,-0.047229729000000005,0.008207131999999999,-0.049439044,-0.026768976,0.022792055,-0.005151537,-0.027432339,0.012528029,-0.078150096,-0.000157605,-0.009174334,0.054823517,0.002431091,-0.00264387,-0.061830303,0.020674808,0.004747912,0.009398373771484376,0.00402206144140625,0.006210770751953125,0.011460504875000003,0.0160700208515625,0.0077235051484375,0.01118329779492188,0.014060047832031245,0.0022119037539062494,0.016729103671875,0.0127515535,0.012192415259765626,0.0187578291796875,0.0065890918554687514,0.012463757281249998,0.008763459884765627,0.01328701245703125,0.021614544609375,0.01712856988867188,0.00842161528515625,0.021130261609375003,0.0087459589921875
12,median37,37.0,1.568201724,5.209453366,-0.001030958,0.0046330139999999995,-0.0248463945,0.0071064100000000005,-0.0140617615,0.035931459,0.0088421045,-0.012168772500000001,-0.0141798125,0.022460173,-0.000942473,-0.00028595749999999994,0.0093350855,-0.046102605500000005,0.013051999,-0.001161384,0.0069349475,0.0112169365,-0.0022785545,-0.0266937025,0.020714120500000002,0.0185975615,0.005925079660770032,0.004134104503642039,0.007929181470343393,0.00997528166493236,0.01097635811342352,0.011034340041623306,0.012600792348595216,0.013394405578563997,0.0019260681935483876,0.012071545560874093,0.01053312316337149,0.009877645318418317,0.014898869935483868,0.00930512763995838,0.013250792455775231,0.0061669997710717996,0.01412832183975026,0.017362365477627473,0.01454292406347555,0.008231082280957336,0.012996030206035384,0.006368836909469302
13,median56,56.0,1.748188027,5.807354922000001,-0.007843432999999999,-0.0140542485,-0.014944836,-0.003497636,0.0007444205,0.0103083065,0.0014994964999999999,-0.005748188499999999,0.0022966045,0.029430167500000003,0.0155890365,0.0160064065,0.0120004905,-0.0050737235,0.023681267,-0.0152372485,-0.006100411,0.0098723605,0.010060788000000001,0.0101566555,0.0027969925,0.01713267,0.008082114443225118,0.003444982946959305,0.013047601540923643,0.016089225034903218,0.012969995316872424,0.00995230897789971,0.020703540165066314,0.02255261109571712,0.004457787736168269,0.011856258477366254,0.011753762884316414,0.01550487065904587,0.015685154208504807,0.019569362086877002,0.018261921983539098,0.007773277236854139,0.018816236976680386,0.020258709720164608,0.015264454974851394,0.020242666605700354,0.02577774465752171,0.008881497819234873
14,median88,88.0,1.944482672,6.459431619,-0.013810645,-0.023116467,-0.005035177,-0.006230989,-0.0045404339999999994,0.0454702045,-0.003500673,0.0153234455,0.017800526,0.029296069,0.0027336085,0.032093661499999995,0.019767755,0.015498555,0.038956301,-0.02673855,-0.0262757145,0.0225072475,-0.00885587,0.033255822,0.00047052050000000005,0.0110414185,0.003448764292011019,0.0026142346740128594,0.005944118437098256,0.016647661085399446,0.00713005869054178,0.009054877573002754,0.016321154,0.006530202959595959,0.0026656117134986235,0.008434344332415059,0.008928208121212124,0.006445958704315884,0.006472859015610653,0.0059803530284664825,0.019524396000000003,0.004854298464646464,0.004957254166207531,0.01425975816804408,0.010470963112947658,0.005401388303030303,0.017739491665748397,0.003781919666666667
15,median64,64.0,1.806179974,6.0,0.0050634825,-0.016252647000000002,-0.038234909,0.014821884,-0.0669735875,0.028033245,0.029879896,-0.0365098105,0.002467233,0.008642980500000001,0.0074220145,-0.0029728684999999998,-0.014074582,-0.0403559125,0.0197160305,-0.007052221,0.016659802,-0.001165216,9.289299999999995e-05,-0.019940945,0.057138377500000004,0.035694408,0.004782167747404844,0.0021984250519031154,0.007888160622837367,0.013955563771626293,0.011722590685121105,0.006418029287197233,0.012825794083044982,0.01054749953633218,0.0033752397093425603,0.009252827512110727,0.008773329276816608,0.008554110826989621,0.00843399026297578,0.01140733429065744,0.015216942460207616,0.004027074830449826,0.005260473252595156,0.014806375674740484,0.00925477392387543,0.009887047342560554,0.022216143605536337,0.003270919840830451
16,median80,80.0,1.903089987,6.321928095,-0.012409686,-0.018313946,-0.008169111,-0.004924085,-0.041401369,-0.009530065,-0.006997178000000001,0.008948776,0.007940849,0.022127259,0.012417783,0.019431017,0.012923374,0.017022681,0.030864303,-0.018041801,0.006220635,0.017291642,3.64e-05,0.022648826,-0.005668836,0.015912478,0.003447859597222222,0.0031615138750000008,0.004332055111111111,0.020725953069444445,0.021142132555555557,0.012114306361111112,0.00462357111111111,0.006268707833333332,0.0036129275277777782,0.010070011999999998,0.007889463736111112,0.007076997000000001,0.0074525371249999995,0.009316127166666664,0.020868879027777783,0.004406810666666668,0.015594424666666664,0.018132627555555555,0.008359724194444444,0.0070577485000000014,0.012975896152777775,0.006428267111111111
17,median230,230.0,2.361727836,7.845490051,-0.004772007,-0.023972102,-0.015447697,0.001724515,-0.045756100999999993,0.032319565,0.015670991999999998,-0.017884613,0.02473636,0.011303135,0.016274198,0.01771345,-0.00690151,-0.000564276,0.027864273,-0.009768966,-0.011175637,0.00224083,0.0034601320000000003,0.010680108999999998,0.027614345,0.034844939,0.0032998503906250002,0.0019365354218750005,0.006496416031249998,0.017448545742187502,0.013502755499999998,0.007424928898437499,0.010331974812500002,0.00845619934375,0.0040401139140625,0.0076953763359374995,0.005760920203124999,0.007449992187500002,0.007056452937500001,0.009306554468749999,0.016450193523437504,0.0033121181640625,0.007156434343749999,0.012880763781249999,0.006725544945312501,0.008602828921875,0.0157075611015625,0.0036150522343749996
18,median140,140.0,2.146128036,7.1292830170000006,-0.001521621,-0.020078293,-0.043034721,0.001454582,-0.013229364,-0.003839242,0.00403315,-0.065141839,0.01283025,0.016363668,0.04070833,-0.010373922,-0.013946009,-0.051488233,0.009821574,-0.010466656,0.018485488,-0.023282903,0.036485959,-0.033044502,0.013874993,0.039218196,0.003418925528061224,0.0026966988214285705,0.004776394038265305,0.01927654290816327,0.007603125897959184,0.007837255418367347,0.0167266172627551,0.007668431359693877,0.0028422497806122444,0.008281604992346939,0.0065780311020408174,0.005086527920918368,0.0063532814005102045,0.005919663762755102,0.013602171045918366,0.003898739454081632,0.007403183464285715,0.014570046244897963,0.00857467845918367,0.005817999948979591,0.014334839897959183,0.003908331663265306
19,median190,190.0,2.278753601,7.569855607999999,-0.007873523,-0.021186846,-0.034026137000000005,0.001512971,-0.020761707,0.022062232,0.00437502,-0.036569563,0.008926009,0.016770819,0.023804271,0.002577253,-0.0015165379999999998,-0.042316784,0.018211493,-0.01598951,0.019901921,-0.006792394,0.012389741,-0.010673878,0.015480963,0.029372981,0.006723020479591837,0.0027639192857142887,0.013610397839285715,0.022230420204081638,0.017003595890306124,0.012833251913265306,0.020149432040816328,0.019574580339285715,0.004051599752551021,0.007637849270408163,0.007565683397959181,0.010455415469387752,0.010510011061224492,0.020226475714285715,0.017012752357142856,0.0035710733163265298,0.012112247096938773,0.018084195448979594,0.009466800127551021,0.015438335252551021,0.027019304377551023,0.005427865375
20,median440,440.0,2.643452676,8.781359714,-0.0118261765,-0.023304168,-0.005878839,-0.0079464755,-0.047309168,0.0555898995,0.0012915475,-0.003086797,0.025738695,0.0098437515,0.0242299105,0.019635886499999998,0.00035645349999999996,0.022360830499999998,0.025251258,-0.0113583265,-0.008883874,0.0025542515,0.0127064175,0.0246767465,-0.010386297,0.0357506905,0.004106666192627824,0.002385843935790726,0.010052771027348393,0.018506955535077294,0.016824119424494653,0.011875369609988109,0.010665713732461356,0.014003851940546968,0.0038084543781212845,0.007282200008323425,0.005903603879904873,0.006354121615933413,0.009685098593341261,0.010657904444708679,0.01595222736028537,0.005928972853745541,0.015825419384066588,0.015599024159334129,0.0062957606884661114,0.009875254629013078,0.014824562057074912,0.013265246246135554
21,median590,590.0,2.770852012,9.204571143999999,-0.0172670365,-0.023656844500000003,0.00024409450000000005,-0.010294277999999999,-0.022837592000000004,-0.0011149279999999998,-0.0107544575,0.015880606999999998,0.026101144,0.016069582,0.007005161,0.0290578925,0.014159908,0.0217841645,0.035102135,-0.0222418655,-0.027074683500000002,0.016253933999999998,-0.007609781499999999,0.035655667,-0.007341720499999999,0.009963232999999998,0.003253399577777778,0.002420647746666664,0.004736656911111111,0.018740339466666665,0.016916050711111113,0.007794165848888891,0.010829650333333333,0.0054436666222222214,0.005205259653333335,0.007440076719999999,0.006353435822222223,0.006510092937777777,0.0050078335733333345,0.0067280650888888885,0.014304084746666668,0.003471264204444445,0.011391693662222223,0.012593913946666669,0.006014952217777778,0.005524535973333334,0.012515538199999999,0.0038608114933333325
22,median940,940.0,2.973127854,9.876516947,-0.004591092,-0.024955683,-0.040623256999999996,0.00034790550000000003,-0.0037079335,-0.0008416470000000001,0.012923361,-0.0473816445,0.0210807255,0.0194704595,0.030002117000000002,0.005049413500000001,-0.0076816855,-0.039970769,0.016432898,-0.0167510075,0.020114994,-0.0159655925,0.014258467,-0.0129727815,0.021266557999999998,0.0318498895,0.005217975160493826,0.0019010195308641997,0.008731049152263375,0.011940011672153635,0.008611202790123458,0.005661754962962961,0.013870691358024692,0.0157193316707819,0.003944659584362141,0.008816791790123455,0.005293501791495198,0.012059534788751715,0.010749691721536348,0.01450524928395062,0.011687910880658438,0.004122565703703704,0.0060375738655692734,0.014769257399176953,0.007041639325102879,0.015809149399176957,0.01757231190672154,0.004649916497942386
23,median790,790.0,2.8976270910000004,9.625708843,-0.012703381,-0.027988084,-0.004042764,-0.003844575,-0.013934905,0.036963661,-8.329999999999999e-05,0.012454508,0.030596765,0.020752724,0.005672174,0.032157804,0.009033672,0.02045386,0.030696472,-0.024140316,-0.020374708,0.011424823,-0.00872707,0.038573331,0.012406816,0.013917262,0.0020875281875,0.002370139585937497,0.005741017500000001,0.017492057515625,0.007863528625000001,0.007647034546875002,0.008364470390624998,0.0063441383515625,0.0031638001562499995,0.007475969968749999,0.006504931562499998,0.0060461538828125005,0.005649478359374999,0.0064551876406249995,0.018280154375,0.0044305804609375,0.00549094428125,0.0147276305,0.00728971628125,0.005680283890624999,0.01133509171875,0.0040346734062500006
24,median690,690.0,2.838849091,9.430452552,-0.0195720445,-0.025946566,-0.006346556,-0.011253102000000001,0.0123865625,-0.0031093600000000002,-0.018682957,0.0037359415,0.030959804,0.028425653000000002,0.0182105975,0.0367536775,0.021390427500000003,0.0114062405,0.036657223,-0.0248737245,-0.007091719,0.0168667015,0.003183609,0.0351111225,-0.022357849,0.016881773,0.004318283043704472,0.0027354316774193576,0.00873528595837669,0.02082060344849116,0.007323633814776275,0.006688334351716962,0.012485607513007283,0.010001048148803328,0.003930692730489072,0.008965193739854316,0.004721427038501559,0.008953694531737772,0.009163417475546302,0.011429914697190426,0.02040596833090531,0.005091082087408947,0.007698601494276794,0.017655775539021857,0.005704517394380853,0.00974845614568158,0.016247921331945886,0.004387802718002083
25,median990,990.0,2.995635195,9.951284715,-0.0179582695,-0.0268926665,-0.0047167335000000005,-0.012235652,0.017198087,0.010971429000000001,-0.013139614,0.010160576,0.036238819500000005,0.026852922,0.014640877,0.0400171845,0.017959872,0.017900841,0.034151917500000004,-0.0249779235,-0.0199399395,0.014430117500000002,-0.00019896400000000004,0.040328903,-0.018617311999999997,0.0137425415,0.0027714607301038063,0.0021523180795847753,0.0047648689550173,0.017145498138408304,0.005396357896193771,0.008781636069204153,0.013808503259515572,0.00493421817301038,0.004858642411764709,0.007149090505190312,0.00649332907266436,0.0072634759307958485,0.005070027148788928,0.00463221415916955,0.01833785493771626,0.003371373820069204,0.004478402920415225,0.013081465685121104,0.007172497750865052,0.005859641190311417,0.011822039598615918,0.003038309584775087
26,median1890,1890.0,3.276461804,10.88417052,-0.014799867,-0.02593965,-0.016510564,-0.008618103,0.0055493980000000005,0.029670235,-0.007628064,-0.003455806,0.030447516,0.010209093,0.02233042,0.020326738,0.006727472,0.0019886820000000003,0.017129148,-0.019147765,0.023633875,-0.00103478,0.012039241,0.022690601,-0.011553674,0.022933675,0.004529825063476562,0.0026147750751953124,0.008619837674804686,0.01398110069433594,0.006914621574218749,0.012908961751953121,0.011814878168457029,0.017306949674804693,0.00476723542089844,0.007221675812499998,0.009391524106445311,0.01090116351074219,0.01116193893359375,0.01559283244921875,0.01619288377587891,0.006479226208007814,0.016597187185546872,0.018386733031250005,0.012463308826660156,0.015383430104003904,0.015013726551757808,0.009397987722656247
27,median1890,1890.0,3.276461804,10.88417052,-0.014799867,-0.02593965,-0.016510564,-0.008618103,0.0055493980000000005,0.029670235,-0.007628064,-0.003455806,0.030447516,0.010209093,0.02233042,0.020326738,0.006727472,0.0019886820000000003,0.017129148,-0.019147765,0.023633875,-0.00103478,0.012039241,0.022690601,-0.011553674,0.022933675,0.004529825063476562,0.0026147750751953124,0.008619837674804686,0.01398110069433594,0.006914621574218749,0.012908961751953121,0.011814878168457029,0.017306949674804693,0.00476723542089844,0.007221675812499998,0.009391524106445311,0.01090116351074219,0.01116193893359375,0.01559283244921875,0.01619288377587891,0.006479226208007814,0.016597187185546872,0.018386733031250005,0.012463308826660156,0.015383430104003904,0.015013726551757808,0.009397987722656247
28,median1890,1890.0,3.276461804,10.88417052,-0.014799867,-0.02593965,-0.016510564,-0.008618103,0.0055493980000000005,0.029670235,-0.007628064,-0.003455806,0.030447516,0.010209093,0.02233042,0.020326738,0.006727472,0.0019886820000000003,0.017129148,-0.019147765,0.023633875,-0.00103478,0.012039241,0.022690601,-0.011553674,0.022933675,0.004529825063476562,0.0026147750751953124,0.008619837674804686,0.01398110069433594,0.006914621574218749,0.012908961751953121,0.011814878168457029,0.017306949674804693,0.00476723542089844,0.007221675812499998,0.009391524106445311,0.01090116351074219,0.01116193893359375,0.01559283244921875,0.01619288377587891,0.006479226208007814,0.016597187185546872,0.018386733031250005,0.012463308826660156,0.015383430104003904,0.015013726551757808,0.009397987722656247
29,median1890,1890.0,3.276461804,10.88417052,-0.014799867,-0.02593965,-0.016510564,-0.008618103,0.0055493980000000005,0.029670235,-0.007628064,-0.003455806,0.030447516,0.010209093,0.02233042,0.020326738,0.006727472,0.0019886820000000003,0.017129148,-0.019147765,0.023633875,-0.00103478,0.012039241,0.022690601,-0.011553674,0.022933675,0.004529825063476562,0.0026147750751953124,0.008619837674804686,0.01398110069433594,0.006914621574218749,0.012908961751953121,0.011814878168457029,0.017306949674804693,0.00476723542089844,0.007221675812499998,0.009391524106445311,0.01090116351074219,0.01116193893359375,0.01559283244921875,0.01619288377587891,0.006479226208007814,0.016597187185546872,0.018386733031250005,0.012463308826660156,0.015383430104003904,0.015013726551757808,0.009397987722656247
30,median1440,1440.0,3.158362492,10.4918531,-0.017854498,-0.025827278,0.001290213,-0.014941649,-0.012421183,0.026597261,-0.014663803,0.005013234,0.03984831,0.025352484,0.015577993,0.03842644,0.010864418,0.02819262,0.036570921,-0.018012593,-0.014935054,0.011517224,0.003227051,0.038525411,-0.023287999,0.02334516,0.0027799095000000007,0.0012873992812500001,0.00403362775,0.00515666284375,0.011987643843750001,0.01309248853125,0.0077011603125,0.006696692593750001,0.0020067340312499987,0.005041541468749999,0.005428588312499998,0.0032004940937500016,0.00613896415625,0.0054229051875,0.013626869687500001,0.0032846737187499997,0.007145092499999999,0.005419743062499999,0.005014053687500001,0.005400519312500001,0.0093717031875,0.009172120374999999
31,median1540,1540.0,3.1875207210000003,10.58871464,-0.016915513,-0.025720559,-0.011347709,-0.006237234,0.01704147,0.003534869000000001,-0.006434206,0.001549161,0.037540233,0.025058155,0.006166555,0.037926988,0.011151945,0.005462734,0.032691966,-0.022912904,-0.007294600999999999,0.007999355,-0.008147184,0.030974549,-0.006315535,0.017921506,0.0035672713911111104,0.002467885813333332,0.006091142613333334,0.018565358406666666,0.006956290091111111,0.007060535577777777,0.010373778004444443,0.007731768626666665,0.0047741098355555565,0.006877542931111114,0.006316014933333334,0.007050152880000001,0.006496794259999999,0.008760610573333334,0.019224736039999992,0.004372566986666667,0.003909282915555556,0.014143593653333335,0.006781549279999999,0.007583879986666667,0.013156516319999999,0.0038753411644444446
32,median1090,1090.0,3.0374264980000003,10.09011242,-0.011585835999999999,-0.028256497,-0.008327321,-0.0013029665000000002,-0.0266936375,0.026316397,-0.0039906275,0.010975853,0.026057585,0.0058056555000000004,0.012731802,0.0172473945,0.004573945,0.019101016999999998,0.022795649,-0.022398710000000002,-0.023632782499999998,0.006376463000000001,-0.0019592945,0.0335956885,0.0163694575,0.010862031,0.0032575576747404847,0.0026178255501730077,0.00589169430449827,0.014928478494809687,0.010339215425605536,0.011060291861591694,0.01031637040484429,0.006192665460207613,0.004443762429065745,0.006851623743944636,0.006629251930795848,0.0066575370692041535,0.006366979474048442,0.005865446553633217,0.017454888823529413,0.00399855226297578,0.010080896065743942,0.014560552955017304,0.007666308017301039,0.006847836570934256,0.015146557283737025,0.004860901425605535
33,median1390,1390.0,3.1430148,10.44086917,-0.014703568,-0.027242099,-0.013204148999999998,-0.0016172220000000002,-0.00351245,0.003080808,0.000663865,0.004622291,0.028344922,0.011003155,-0.004345541,0.01780548,0.006602116999999999,0.008474835,0.027403992,-0.024522264,0.006098419,0.006585877,-0.013753878,0.025588162,0.009106323,0.007785529,0.0036607704400000002,0.00358101732,0.005047239899999999,0.023288974719999998,0.013766941000000001,0.010586116540000001,0.01439852316,0.00845939192,0.004962231040000001,0.007345478399999998,0.00965526524,0.007722439199999998,0.00740066476,0.007978209820000002,0.01849205768,0.00615485328,0.00803100552,0.019783040919999998,0.010011347440000002,0.008512274,0.01713226664,0.00525514876
34,median1190,1190.0,3.075546961,10.21674586,-0.0150691555,-0.0262381135,-0.0102836795,-0.00776583,-3.1685000000000006e-05,0.010209322,-0.0148078005,0.002007258,0.029523564000000002,0.012914341,0.023820933000000002,0.019186609,0.008377395999999999,0.0104585295,0.023484489500000004,-0.023822416,0.006124576,0.0035082615,0.008845289,0.023197777500000002,-0.014777749,0.013277193999999999,0.003420652812672177,0.0026323020798898053,0.007282611709825527,0.016025064782369147,0.004887823570247935,0.008151995085399448,0.015972429651974287,0.013051895090909094,0.0037937810578512407,0.009142240374655648,0.007279349652892562,0.010060229706152436,0.010308125186409549,0.010353944283746556,0.019321897262626266,0.005833034382001837,0.010160172,0.01911733790909091,0.010723071702479341,0.011769354402203863,0.007684474971533519,0.006253490545454546
35,median1140,1140.0,3.056904851,10.15481811,-0.018242739,-0.025889199,-0.007202772000000001,-0.010257685499999999,0.006201231,0.0165441865,-0.0083865625,0.004763062,0.035096434999999995,0.0225652815,0.002204971,0.036036472,0.01454229,0.012774770500000001,0.0330508975,-0.022487482,0.0016230705,0.009260737500000001,-0.012924930500000001,0.034017436,-0.015716797999999997,0.01312236,0.0036088125491276417,0.002728817371900822,0.007675354089990817,0.018481784495867765,0.008477651981634528,0.010346809847566574,0.017683709909090906,0.008555395208448119,0.004930528618916436,0.007439974434343434,0.008610165276400366,0.0089814845087236,0.008417408231404959,0.009774381908172635,0.019203436416896237,0.004449788887052343,0.0053808632809917364,0.014667364152433424,0.00998474804775023,0.009517711915518824,0.012209312209366392,0.006848316141414141
36,median1840,1840.0,3.264817823,10.84549005,-0.013075920500000001,-0.0288098205,-0.018948468,-0.0064797835,-0.0011548795,0.0183237245,0.0074364485,-0.0006288464999999999,0.0279888095,0.015809641,0.0016874525,0.0241189935,0.008707557,0.0020833550000000003,0.025985848000000002,-0.026979108,0.0233899265,0.006074573999999999,-0.011903437999999999,0.026031792,0.009135801499999999,0.006851507,0.0032461437603305793,0.002699877693296602,0.006470091292929293,0.016919390289256202,0.008059951889807163,0.009497991041322314,0.014041094626262626,0.007245170559228649,0.0038923929733700653,0.006128178163452709,0.010176832838383838,0.006899903797061527,0.007133132936639119,0.007110263056014693,0.017827360031221304,0.00428783176859504,0.010640909385674935,0.01491610313498623,0.010960949939393937,0.007302074045913684,0.013602320529843896,0.0066787807768595026
37,median2040,2040.0,3.309630167,10.99435344,-0.011734995,-0.026980886,-0.020222561,-0.0009699005000000001,-0.002861128,-0.0111574735,0.009925251,-0.008844485999999999,0.028460072000000003,0.0122546425,0.014650357499999999,0.021604709,0.0007445349999999999,-0.001274641,0.024426049000000002,-0.0178581245,0.0125213115,-0.001359323,0.0010228095,0.018837680000000002,0.0133002805,0.0224644885,0.00670710177777778,0.0023556054542705988,0.011826614929705217,0.015958347306878305,0.01798179829125724,0.011047802260015118,0.016289993294532634,0.01833265761552028,0.005977896503401359,0.009073104859410428,0.01034037757294029,0.013627162434366335,0.012938917298563868,0.02014036694331065,0.017083399484504908,0.005589847689594356,0.012201265698664657,0.01793328021466364,0.01225643371075838,0.018285939479969766,0.022293121209120692,0.008655378878306879
38,median2140,2140.0,3.330413773,11.06339508,-0.016051849,-0.0274981335,-0.004622409,-0.009379576,-0.0161372585,0.0052376075,-0.0043023825,0.010859820999999999,0.030392533,0.0101900055,0.011202063,0.0236471675,0.0095089435,0.019456458000000003,0.025262573000000003,-0.0221781495,-0.009213601500000002,0.0071483075,-0.0026596115,0.033562999499999996,-0.008535878,0.0098651305,0.004810055861591695,0.002131690709342558,0.007177529176470588,0.015686568491349476,0.007166033418685121,0.0065411663737024225,0.009839762754325259,0.008413791937716263,0.005005625328719722,0.005971976103806227,0.00864471850519031,0.0068124228200692055,0.007306538352941176,0.010224300871972316,0.015008359314878891,0.0036721649238754335,0.007820299709342561,0.014093563252595157,0.008191886916955018,0.008006125221453289,0.025170833619377164,0.0035762888685121103
39,median3240,3240.0,3.51054501,11.6617781,-0.012160994500000001,-0.0281068735,-0.023674437,-0.0045332615,-0.001238096,0.0116699155,0.004341582,-0.006720317,0.026012900499999998,0.0079449815,0.013053245,0.0160122285,0.005512684,-0.0050908325,0.018847608000000002,-0.0259545975,0.036744577,-0.0027981285,-0.0026378315,0.018699018999999997,0.01479657,0.012534596500000002,0.00463239531496786,0.0024383139458218567,0.00623745654178145,0.016878981613406795,0.007133184986225895,0.011875662336088152,0.014916874099173551,0.009649124721763085,0.004227672962350779,0.0067668262093663915,0.00532361347107438,0.008396681831955919,0.008606819388429754,0.010593271796143248,0.01681769429384757,0.0034373329770431595,0.00903763422038568,0.01614873522222222,0.00625531926997245,0.009974734042240588,0.016403095296602388,0.004027106953168044
40,median3540,3540.0,3.549003262,11.78953364,-0.010074437,-0.025198348,-0.004932843,-0.003568441,-0.06655909,0.038067809,0.00584387,0.001587732,0.034650894,-0.002314508,0.014824928,0.017373816,-0.009775277,0.029193897000000007,0.019099547,-0.0032407,-0.006552369000000001,-0.00794298,0.005135321,0.028120759,0.004363388,0.033968574,0.006279515615234375,0.0014948288867187506,0.008732144804687498,0.01293962625390625,0.017086181953125005,0.009937309640625006,0.017066082484374995,0.009414411117187499,0.005592297546875,0.009099370910156248,0.004764384169921874,0.011673606929687502,0.011512804105468755,0.012067765453125,0.011617781257812501,0.004238496820312501,0.004165644003906249,0.010839176289062499,0.00573143856640625,0.012277292628906254,0.024018785636718748,0.004498841101562498
